ID,Prestamos_por_a√±o,Visitantes,Tamano_coleccion,Programas_difusion,Presupuesto_adquisicion,Asistencia_eventos
1,6129.869926680026,2101.8524040461025,3538.2968483406935,100,547893.4669375316,6184.296599988538
2,5128.251203732837,1534.4277685602694,5016.705383617173,18,463573.5917234674,4711.481714006571
3,5260.768067840549,1755.2120714639423,3351.9560397547752,76,665710.0092352215,4445.335998148995
4,5625.633769821173,2268.4510064433703,4306.78727119289,45,477462.6957983445,5577.927334369959
5,5840.267554109802,1565.8161880405337,5525.479619463722,79,514590.279357458,4775.826070148605
6,6158.61364238394,1781.6056524662163,6194.611857510014,61,510853.9681008844,5448.627895301943
7,5755.349087676598,2170.3611087012623,4081.268260290777,93,448089.6914274137,4971.107139584866
8,5833.153518593537,2242.734299886518,5487.68618172111,59,534297.6574709939,4362.675512161608
9,4856.582461766602,1967.2807412486247,4752.252066978973,4,525656.7684703239,4445.510434033306
10,4923.496158602221,2036.8094206234575,4587.035094914829,32,576710.3625941181,3651.4006580031228
11,5607.828111287404,2036.1109298830456,5123.73365605956,82,554033.5582441916,4115.8539533922985
12,5362.123426600357,1629.989155486962,4476.122917636181,54,514036.0564788525,5502.702704312973
13,5363.603258103271,1977.99979933328,4932.659720954773,18,438591.49504442373,5964.6163072345125
14,4825.2817290086505,2072.5681383915226,5056.748830462228,16,440771.33134231326,4511.65900106525
15,5498.525890970189,1973.4784777285538,5928.464941523737,87,624275.8050444073,3900.013632731724
16,6140.020665261185,1422.331394668939,6101.996723575063,91,506535.9945318452,5910.26986421171
17,5837.844045247871,2460.693810506262,4521.16307848668,41,655741.9386721198,5933.942459232631
18,5839.716804324071,1671.9881940958671,4784.047817903175,100,438630.59909929073,5578.367005006753
19,5426.51637988973,2021.6384775427343,5643.368825335716,21,664535.8222956478,3839.2545727358543
20,5447.399718182757,2096.5372167310024,4855.229180871276,38,429236.49735170335,5412.095623287312
21,6085.195626243193,1863.553534834047,5571.463921988511,79,467121.06689855974,5441.263093385484
22,6609.213239175201,2073.3526367165477,5721.759764643259,98,533160.7759406725,5720.4607164522295
23,5828.962010738158,1767.4191614073911,5815.347883089317,26,574815.3944724742,5120.791220166799
24,5788.814084756672,2644.1295411629167,5070.221401216959,75,550855.9954538824,4399.859972813256
25,4814.247833790499,1921.8476740155081,4069.2168569383207,45,356516.6795764501,4676.3666904410275
26,5677.038378690549,2269.702881940374,4865.667152265785,27,457069.72658515035,5941.6423495257795
27,5487.203792440739,1672.2114516715974,4594.17266826693,51,414085.7585372152,5303.633841081733
28,5681.34948218102,2216.3833735623175,5621.711158389551,64,396401.53742040496,3953.554429279252
29,6278.300844045532,1784.8380908595625,6220.376337354596,38,498782.57918893895,6365.17388570411
30,5791.889298578876,1582.056174785967,6242.906982905652,17,341632.1173839924,5924.437810294573
31,6555.2883430705515,1680.4749852050186,5708.420163440778,86,574993.0300373794,6329.998930261578
32,5242.784355234861,1745.6269061873327,4252.17463465024,21,555859.1984175531,5907.449907129835
33,6083.588394756103,2033.4359591645816,6122.523879227574,67,621455.7337920392,4257.281750740943
34,5756.860696910967,2862.7369652283987,5341.218318657945,10,420001.59911817714,5264.003961336119
35,5995.798338297415,2820.7027114815924,4340.177578900804,81,427381.69772738265,5482.795360851279
36,5636.803973905819,1903.4443586267898,5689.542042877389,63,578912.2760961056,3924.5567950205777
37,5458.583600203005,2287.825876019908,4823.161053865458,70,584584.5092887842,4062.090907371714
38,5456.917247940796,1623.866878345537,3440.372519090116,84,601149.3228194733,5594.718586915901
39,5537.544974149571,1368.7812987168556,4215.769959409705,56,586562.2085316093,5658.150636991703
40,6085.409710678149,2009.1755888608254,4947.741182176471,34,516435.900399301,6894.575223411191
41,5376.764332069053,2163.8869150726946,4916.19236083524,36,465495.17079008324,4791.690720709982
42,5000.869906559058,2234.9768552136225,4148.03714597439,49,555124.9249074839,3653.6437335957157
43,5394.122307652707,2323.9094550429672,5600.858175633165,29,466861.16828742676,4879.093937520809
44,5589.9507010007765,1900.8663606200812,5415.813249591382,16,507896.26605812274,5674.7679170468955
45,5110.972699864347,2021.612430795839,3851.389904084819,32,471366.4825518375,4708.7210240920485
46,5766.46207776478,2246.3716309041165,7106.711972582648,15,519997.4459347062,5081.396633377855
47,5005.184654541318,2358.0405285641623,4028.329613289279,14,593155.0144223626,4486.321785209611
48,5063.759075718245,1727.8599050712933,4633.803042408822,12,473791.3075147019,5954.476124653268
49,5546.651340049661,2063.203223237639,5300.3232783808935,2,462396.2217955131,5595.692465882451
50,5150.337549180872,2194.8658668350845,4636.358518869056,23,492039.7956220689,4343.940369326475
51,5264.855082362103,2044.2657757722304,6163.421145148373,22,411576.50421421544,4582.4595369177005
52,5718.921395555027,1813.386957667384,4859.768567097877,58,549809.0362600924,4456.406449734265
53,4954.236562978354,2000.9278105025555,4262.6252511606235,54,508738.91776780994,3512.3027569590568
54,5761.84127735417,2158.918971207088,5491.616036540197,64,497345.8404417089,4390.4133582990635
55,4087.4987348238365,1771.8044512950983,2680.4718394720894,31,524648.9459305864,3581.7095804571168
56,6293.515203260119,1640.8283482101106,5427.05520901024,96,389453.60562360653,5746.863697467848
57,6438.553881845928,2617.8628465597835,6031.939880746907,59,605048.933661027,5810.3001053244225
58,4668.863454640947,2056.258928090879,3154.6622290105843,29,461026.3696153592,4760.968581461921
59,5807.825887738019,2281.5050939072994,4676.797871525398,65,471893.2273275167,5163.756687309419
60,5133.912180858924,2062.848874318484,3683.0575650262685,17,564877.795398995,5856.799728633296
61,6130.310292572582,2315.0952218110942,5010.502894542162,58,545842.5063728987,5627.0256326067365
62,7108.078783543734,2023.7535388924919,6794.816298397214,52,649914.7095013204,6603.758887475506
63,5699.362713311306,2176.1340345966923,5183.418363301402,63,427612.0171396387,5207.5299685902055
64,5454.742066288728,1667.1408928832245,4825.122762945971,29,429676.3443250417,6162.108266781362
65,4004.013375705874,1470.463674434231,2740.5013689362872,17,410309.7969032706,5076.095975188475
66,4317.435819312177,1857.0566476537833,4115.102053125198,4,510014.1881191521,4904.40123347683
67,5786.878259275866,1572.2618387759253,4893.584867380514,68,479706.5428280364,5542.947251854026
68,4894.205603785243,1364.9054717455074,5074.526609877806,7,447852.6157015616,5441.722570538586
69,5017.665281197601,2090.524304522465,5274.492223764875,8,495074.53067027376,4513.662619265185
70,4690.483178655855,1469.1915795990071,5614.475756946496,31,422589.34250323666,4340.775107259678
71,5157.838009478891,2284.8486965842203,4275.465331472787,13,615946.5824054694,5059.820462866783
72,4907.853124634529,2432.355670041776,5032.071889688177,12,447557.6018196677,3487.9434076277385
73,4693.356441794735,1567.1030813712632,4602.954018230141,17,457164.1494719419,4753.975697030568
74,5000.568290709709,2086.599684963788,4249.325088053987,67,320982.4969057282,4214.129183237018
75,5013.105208292471,2557.380243608433,4302.512623721541,21,376586.44755390834,4538.922990612999
76,4708.437544275664,1858.4061686607884,5432.694756169532,19,455896.9065388062,4377.013880592237
77,4964.015320631206,2183.2539367627487,2948.6184614681406,14,477087.8514300018,5614.327173897291
78,4919.57014222715,2717.87105241931,3515.9439338215543,6,553953.5778779795,5357.3437024405375
79,5985.40468124414,1496.8553367501695,7533.7521152106665,76,387829.6866544462,5042.362019768035
80,5359.015322395149,1694.214765497039,4468.395090584376,97,533912.8060468534,4693.298900564743
81,6070.013576852468,2169.22732981442,6175.091472476965,29,546813.9939353066,5827.758673982426
82,5618.835592485267,2651.7315864676484,4948.272764752654,4,550770.9593289201,5720.518878010744
83,4800.404169355398,1786.6349499656094,4550.741475165637,0,577674.483547002,4911.086939843879
84,6278.411086285725,2730.719557832567,5525.758626271778,59,412855.9928346087,6083.7973965214715
85,5520.173308116872,2039.5868442188737,5064.474308784505,30,540592.33655081,4848.365481899994
86,5216.631281365691,1409.823300859757,4856.740806138197,19,632387.0675929533,5163.762019390335
87,5934.521337197257,2477.1444878218576,4964.805060557974,82,605020.2361634844,4540.625103834487
88,5575.420523577896,1860.9128436170004,5315.2268039739765,63,641896.6783851978,4685.431813773982
89,5233.667452175468,2134.5575835776117,4449.434032134992,63,518075.23732443457,4498.386780226925
90,5029.089466881342,1502.2490937400187,4614.511588010284,28,455611.04848263843,5550.073485319361
91,4392.964507545984,1774.0245246022876,4217.971445202015,9,310219.61835535057,5300.975597697802
92,4143.676655591186,1550.9384230277965,4034.035454850556,28,406794.65875928814,4157.809028263003
93,5817.4536697913845,1519.1019311867872,6480.066675901789,30,460594.92689466884,5453.159240339482
94,6145.428577371411,2029.4118793860252,4274.998126813355,74,474116.3644302833,6434.360844972336
95,6240.928526293641,2170.0332406446632,5798.876087552273,86,440618.5132122073,4471.939173245287
96,4858.693348314583,1835.972555596384,4715.336736885562,29,525467.8195102038,4426.193149935959
97,5099.030717694927,1568.853863056637,5432.380956815308,24,514610.74234832183,5006.453505487669
98,5960.650886470829,1617.1682978881313,4998.466436696024,79,503071.4682257164,6102.587808002425
99,5050.641607465971,2111.488891409912,3566.9765544588363,57,558897.0205276286,4649.350178848422
100,6005.729824804462,2033.2071711640656,5023.158016783423,56,464777.33837982506,6473.480746092242
101,5861.723279485494,2116.4224019859153,5484.579968673378,86,582199.2092184024,4154.353089336701
102,5600.277590639299,2467.5215667818507,4236.014506844895,62,409716.10053532856,5150.4388530747365
103,5934.359353618767,2172.6048641543616,6857.371801849949,96,477231.5036047704,3638.9919443737126
104,5590.833654872814,2122.7088194037487,5649.752598135091,36,523890.70727479673,4251.082439629588
105,6289.4677114730985,2710.6149395584252,5656.775555127809,57,356099.28758579434,4829.279257681218
106,5733.290443867129,1917.5646692599798,5741.737357761006,27,462209.34198477725,5216.155297023452
107,5619.422174303774,2715.1026142214605,3132.768946168826,26,553381.1479981407,5992.585581818941
108,5969.267924979873,2427.16510704682,5563.891421451523,69,467949.3790862161,4440.536551705088
109,6230.763355355988,1910.6223773129018,6820.863214262133,36,363304.0472573298,5336.515128995751
110,5009.984040686846,2241.4516523514453,5607.531019377452,5,433449.3119214964,3928.714334061266
111,5889.880954162126,1935.4397417544953,4789.763618442318,88,399116.050166746,5807.882795263235
112,5811.856327524838,1569.081377256458,4107.745015403239,76,537215.2924273058,6048.3058412955515
113,5784.002437911166,1997.5882234635164,4030.5166010251987,61,508796.5430926384,5830.019873916366
114,5435.754312498767,1559.8621011024466,3934.452066059703,96,382890.47920897184,5828.851544319613
115,5049.764705391444,2069.889425523476,4679.655038679682,32,377152.3831000056,4926.893154136081
116,5997.981754234083,2240.1439517576155,4145.492614396644,88,445635.7493229624,5221.369699755567
117,5307.6050199504625,1934.9280515616615,4878.420932916569,77,502346.8612708082,4922.416000084424
118,5158.550373984623,2069.2872353166345,5163.1509515412445,39,449609.95535053435,4963.593061303792
119,4772.409862851158,2064.3174944860657,3624.1257569218396,40,526266.99072911,4405.069521320323
120,5537.56868024479,2253.30487618748,4387.928169285631,41,523667.9299145313,5225.334855874219
121,4856.541796177932,2026.8426565592576,4536.76021881509,8,539922.7832628789,5334.240269951698
122,5160.985473549479,1905.582107738444,4514.190211701251,17,393999.95251979504,5788.238134958187
123,5599.685631386462,2239.6821186195166,5014.332062261702,14,479313.51260314,5313.69433244335
124,5460.064600687127,2047.5674557188006,5099.8258107141155,3,580657.4537976782,5704.863461002393
125,4807.096612103415,1359.3329514403013,4660.566976294033,33,449610.16192853,4404.580232100745
126,5672.127694793641,1894.914038181794,4462.03237505263,61,438983.6519517999,6138.750338755387
127,5011.668117128056,1844.84861691316,4983.50917926088,37,463375.42423997924,4806.997505027673
128,5643.937739240126,2044.237772119264,6153.837318535979,80,461494.18066576694,3360.9967772423106
129,5315.015929419245,2011.9971942392322,3835.635250518918,70,509110.4834129195,4688.40791699949
130,5832.8550889855005,1414.892302131912,5905.348664200579,95,456385.8290960972,5461.344277795413
131,4318.813854749149,1552.483493463911,3693.068564223737,22,348514.3343622443,5065.763469050964
132,4914.281993987704,1714.141850958244,5289.467128142218,19,588898.6007449054,3446.3902027738204
133,5733.495914926828,2019.3365249683984,5839.690235976142,55,537981.5708583521,5172.125136713243
134,5602.036192443717,2322.1525483854807,3941.1965178925993,52,511181.1381338686,5101.38518851032
135,4440.076789466966,1518.9068807382214,5280.608286488111,1,492937.05953334115,4222.852857662054
136,5003.889377897469,1798.3655146287376,4163.000376095186,20,475797.05750986724,5451.611553995257
137,5979.700280632579,1985.457746686858,5936.252580481213,75,440002.50149386923,4892.936518655605
138,3700.9095013943697,1720.5803002982143,3719.934823188284,41,359181.24760265683,3439.1347469651014
139,5410.851996629796,2026.2140937658885,4286.021531868934,56,622057.9226920971,5556.060086448837
140,5682.347578923725,2192.0824845540205,5105.103867934692,48,501567.02053621743,5139.853879931644
141,6175.876393078282,1772.956662295221,5569.179029906384,90,379166.91819799785,6210.847368793835
142,5006.961610865984,2098.275041653249,5074.173521951096,9,423038.4862309774,4308.0432204203225
143,5438.694084974637,1965.644239012533,5396.11251877412,71,522836.0381767779,4813.565869582453
144,5771.331499059987,1655.2694142209593,4560.626687377635,60,521339.87497559655,5852.794748772557
145,4292.696217356788,1957.735513247991,4127.114747122518,20,443936.97031518613,4267.503275904291
146,6188.5856474123475,2136.9997918069867,6171.690146917136,59,419159.8930297767,5824.599533082055
147,6264.15835077742,2424.122901428853,5399.011882791902,85,457083.4131294279,5845.463687358971
148,5585.769618552189,2493.2731228692755,4609.812003541681,12,355293.7605492505,5251.024298528891
149,4631.53257044776,1829.694581577303,3676.9981319337476,47,464325.49320661405,4867.896948665943
150,5322.949125600786,1811.6161755668013,5978.538494174996,39,465123.2086173065,4482.170550053463
151,5467.888390144944,2012.1170380335634,6011.483492402506,62,614498.5223594739,4423.133826629919
152,6001.982467924199,1837.1909037786875,4826.028437570908,75,466198.6286650184,5248.664579211118
153,5001.840056787678,2363.909750665102,4471.509766906049,80,518963.61884231935,2698.0303732638795
154,5001.880599165574,2030.2072216579722,4792.562905019203,8,619871.5670363029,4554.354829686975
155,5510.124972989817,2016.5730531727727,4831.369980337144,56,419953.368994797,4444.028738622863
156,5447.6441935026705,2192.9923341510694,5615.629531595759,50,453148.2025841922,4209.566190199233
157,5203.775529580205,2047.9508528519632,4089.7122919195,39,459544.69141707144,5148.568632332715
158,5086.1405196457745,2091.5733944162403,4533.116349517186,75,374406.4976127159,3824.168405891881
159,6193.431823246578,2078.957292370924,4853.065276675826,72,480387.5733771947,5962.297888981374
160,5951.429922230689,1956.6086015637302,5206.712488800374,63,587254.3672043687,5730.86446097149
161,6458.179764373675,1729.2684916515482,5693.103298780285,93,563416.5771092165,6087.638533193164
162,6110.513642696448,2527.7066045611164,5248.784454394721,69,588670.4337994654,4578.219111516298
163,5989.080426499975,1728.2798866648095,6401.683556948303,63,452464.8952890477,5166.2398262061415
164,5406.040692515036,2496.2691554839857,4206.7627313525845,24,415311.35480895836,5658.536808446839
165,5519.250340875702,2102.432786829321,6169.3085505712625,27,669203.8153007731,4895.355112987581
166,4905.236859264022,1819.5248061353864,4236.900102214201,9,516107.95388688863,4546.716036844653
167,5043.434190464843,2166.457278068903,4683.757267552544,27,379071.8971976787,5095.743239892758
168,6454.690549005408,2235.774826071129,5309.778454334569,92,692029.6613524684,4835.9812265828805
169,5576.203182890234,2515.460489425603,5942.296066273655,35,493251.50289960107,4143.454712645294
170,3566.711963602161,1605.3065696538551,4685.07641727067,10,278947.52986698365,3095.6958206825566
171,5337.208893590833,1957.9990703805584,5314.011934464021,20,609089.665173304,4261.152543454802
172,4503.386723274912,2413.1629421446614,4747.500973594672,25,326722.54337732977,3112.3107186673524
173,4741.351149978404,2223.965855496074,3163.5479646786516,17,521631.23535340966,4304.008815314884
174,6214.4796462924,2145.8052521497475,4969.25134612262,67,563183.3525623288,6135.250009913985
175,4924.195686972256,2443.54629534459,4006.7765005049455,40,551104.5335082584,3521.1870241170195
176,5326.01549807361,1946.0178033847567,6017.191251907303,14,616706.7115108327,5359.119828918025
177,5534.614162867,1280.5895568641,6022.725035139213,22,576284.5094078829,5978.151343010138
178,4525.779391096517,1890.0476597675513,4331.20184924675,40,639247.7042476276,3741.864921593359
179,5606.4911384618335,2603.5269337637856,4208.243808385879,5,493025.95377318107,6435.463363246687
180,5632.686681322202,2089.5427870720673,4496.8156726361485,70,468978.8370852824,4938.823502522029
181,5879.104058145051,1747.2708483706629,5425.915777888196,59,474001.0569566221,6086.522152918668
182,6471.30757112808,2400.2388404231633,5429.088962108283,78,603023.5678775697,5216.673689196718
183,6087.976663329275,2253.458871132557,7726.4405646767955,51,452046.5912388248,4631.477489577836
184,4338.191502454132,2044.103525259847,4753.056342479585,8,563555.3156369404,2674.050496783493
185,5240.420292772185,2175.539611779129,5073.095731517373,29,435507.130011689,4108.158010602283
186,6098.116339447843,1694.8235299328826,6545.386403735809,43,436863.3647607332,5543.800153954322
187,6136.321315474715,1891.3704817124135,5229.0729501706555,61,588821.3447774422,6229.8266378895605
188,4307.2924399516,1980.5206315186083,4129.539461828506,42,532749.9387621874,3876.2776661759603
189,5452.314667404284,2329.751689205095,5273.572783938623,27,338026.86757411715,4952.266801746407
190,5785.042807001676,1835.3759667919644,5563.852250313466,93,435963.8699966122,4643.205553645254
191,4729.338995880443,1992.2750888751264,4726.643830246435,7,307185.8828725158,5334.252518804761
192,6275.873175642604,2432.2974480494086,5636.223725852567,98,471835.3805148458,5070.694415803417
193,6195.599077041143,2757.298090267901,5565.032044880177,50,479493.0635290517,4702.655729062817
194,5680.870912934616,1738.808381894417,4633.243944942864,98,464446.9144671707,5511.286660398521
195,6246.261407376468,2041.9872769113579,6241.362394398217,89,590486.9463853437,4446.775672729345
196,4953.915591918459,1547.6141257165536,4373.136555710706,29,530979.0523839603,5008.992187088823
197,6442.675098029126,1995.6497213564537,5349.849422659777,98,684938.8384125392,5616.085262682683
198,4848.504420845298,1912.9686649054222,4518.3088670171155,10,540058.9108953918,4418.904949823628
199,5224.379775934637,2375.3098905367265,3645.6738300442103,19,541439.2424649847,4712.835968520632
200,4992.712551784144,1648.128309277483,5286.69758246469,30,520399.559340602,4553.584659606582
201,5672.423272513565,1607.005089153217,6543.462389057839,33,479824.0003363844,5361.735501246603
202,5512.766117141502,2456.2804185757163,4956.927141550442,11,451276.33505153004,5279.646123347352
203,5016.826710674182,1810.06033708088,3805.2599520954936,47,482376.2388466953,4585.484383428497
204,5422.265577369843,2059.229342470471,5177.646446821427,27,485819.13441013463,5272.698197769431
205,4539.771836623459,2088.513370174595,4345.053699870909,66,492934.35623828793,2750.3485813883253
206,5626.269676415334,1763.805313330522,5843.033725869493,62,547699.0356024094,5668.217926326918
207,5450.718243700232,1764.1247146443877,4817.092466829689,47,522505.5128500471,5716.561039880987
208,4724.9475590569355,2338.0729054109656,3581.950126357291,41,461230.38043533737,4594.895056056096
209,5589.469366698527,2203.121626653599,5406.819187943404,51,444639.1948370693,4435.746507223147
210,5037.410273336972,1995.2937620724615,5167.102113960273,4,516820.87108180317,4953.981191877562
211,5250.177716667494,1958.9624525527267,4760.097337906701,76,430494.5721649732,4271.942594904832
212,4632.862112907181,2094.983265455688,4168.957882945712,11,467983.95742469723,4396.276026488805
213,5951.349539022323,2114.6597635760368,6431.309917408944,58,460149.08822112816,5246.282219538933
214,6472.216317520061,2378.343656665221,4638.4731744742385,64,681953.5087986458,5647.248976771956
215,5987.969402261025,1993.743166531657,5717.678537117117,51,404436.57381627493,5254.297254261159
216,6563.063100665358,2132.894224460049,4629.390485440788,42,440552.2442039526,7309.063104974017
217,6585.687811559457,2215.4536385536044,5544.659367338203,82,458331.7424841346,5998.869983373203
218,6238.72176425486,2220.7325570115113,5042.761732608509,92,466102.41138550435,5588.300443963588
219,6465.853303416332,2434.9158756083684,5022.411833565521,62,574985.6737721829,5559.350702922329
220,5162.2483741471315,1996.223366405628,4338.8210256476,49,480920.9069672753,5069.407108663397
221,5309.807098786987,1830.2398304075552,5422.515526581609,38,400685.2204444136,5403.722752427289
222,5743.781983097745,1892.6110930312448,6124.098870460218,41,607318.5560748293,5158.076305807999
223,6188.488463880833,2192.2480052284914,4172.496494269654,88,519772.9250630847,5840.670836349367
224,5363.830384518799,1967.5695973809393,4334.173258685115,79,531539.2670962716,4776.688449510145
225,6121.031604066361,2686.039286748155,7355.66369924277,16,548812.7627664412,4733.936714491528
226,5635.711581327941,2003.7766799735662,4198.718527450566,91,407596.90499293763,5942.454592225013
227,5092.164941542742,1713.514006755493,4556.33838574571,42,499483.93002496,4632.007398326687
228,5316.289071026048,2096.810500193894,6106.960309783548,48,561593.5845707546,4244.057042149759
229,5136.286200460095,2461.64366382681,6131.060792891031,4,451979.7720997636,4401.496423881721
230,4800.88651529073,1755.2720570826089,3057.5335383511674,0,522999.5480089242,5598.8936256395555
231,6848.840033700396,1746.613560469688,5612.34073116057,66,540763.8912023017,7137.508698794644
232,4836.481344703051,1943.9553888604803,4843.996188079281,23,390503.2936514218,4289.847205720762
233,5331.415022488737,1806.226832350244,4880.516063175608,28,422566.5057667919,5516.118913117737
234,4988.755146039777,1594.934570926374,5932.098866726036,14,328641.7523190089,5123.020944176555
235,4938.759432264223,1537.753748528107,4721.459257782096,3,517005.0351388402,5902.551195687849
236,5614.561977191333,2069.728581140079,4590.439708693611,43,641372.7284311487,5509.103462833845
237,5696.3045558866725,2214.5129321043705,4742.773793644585,64,448086.26746127644,5952.151297930748
238,5720.562304205509,1789.6507333509169,4720.717875008295,78,485548.4409339162,5233.708557757283
239,5761.425687656246,1978.8443921005048,5277.885610605504,87,575999.2591189789,4332.180810859202
240,5260.99516562816,2055.4885781256485,6058.6639410752105,30,519940.6734148676,4455.988185424893
241,5435.370733141632,1668.4297794861272,5342.041440887486,19,426973.23654186184,5169.584477055473
242,5601.063941238092,2257.658209104399,4989.708494426679,9,614473.0690175372,5373.666193207354
243,5293.138458445652,2063.5701006252707,5437.111011447408,10,514799.3181675398,4692.63106432371
244,6605.85345454571,2157.3429528952206,5624.1569049596355,81,482583.8275516444,6612.047660665992
245,6500.4345941697975,2203.99059943935,5462.408284124205,97,488791.8066694375,5752.977545371719
246,4976.650876094289,2727.7288994164755,4466.156049698477,27,544315.1667858408,3332.874776632958
247,5263.439125950822,1692.6205860512669,5339.6836067567965,37,453996.0121839857,4901.678163235291
248,5256.134450308383,1732.1695271414624,3304.358531488495,79,617871.5592866155,4176.226027626283
249,6514.230300176819,2504.8774593679614,6227.137155592547,23,594397.5005377381,6525.026092901714
250,5034.828679505035,2195.6684244829007,6224.8649812937765,38,500635.98330773617,3224.527740037342
251,5989.279022584382,2020.7081670472355,5711.5208238755495,50,504620.7039782983,5334.99353156379
252,5700.39251426902,1856.5740409407822,5996.7475666482915,75,436546.87102029467,5098.659518102871
253,5834.9273650338155,1930.4340783748964,4940.670389691131,49,452199.54489671136,5651.125693951735
254,4605.99757923328,1936.2558094439034,4399.61073997075,6,414845.27443803346,5258.208845501166
255,6239.411845346317,1551.506528371207,3996.877792700733,99,484694.4100408357,6655.45975024487
256,6356.6916309488,2291.959609070547,5806.510079527655,80,504675.76399670134,5734.344373482652
257,4576.125041399088,1396.802802415737,4399.508060793459,67,380744.1694906694,3529.525557664586
258,5985.424037171822,1745.2816111621275,4700.990280025785,52,551668.3866347749,6123.37292934011
259,5379.404096008991,1870.467701620105,5179.310481231228,36,434683.7959349754,5162.522664484527
260,6513.383857679242,2643.0453163557836,4970.024088467976,96,530885.8792795985,6124.730710023738
261,5648.149221756121,1969.7608494045094,5211.818226392313,82,560543.7651605089,4746.336532192737
262,4755.872934695135,2094.9387496427858,3553.5061436639407,53,598029.0430852566,4150.136254740149
263,5005.174427421398,1736.7531467795186,4813.202919018588,89,582279.0066856309,3998.898375899966
264,6557.499034046243,2260.6187038544595,5659.3306534795865,54,624248.1804827471,5849.116834615012
265,6417.426318519511,2885.564368548732,4654.546152269125,74,561161.6999224757,5637.742678726669
266,4762.858416787255,2147.4503238816646,4310.269267276768,30,512579.3037228469,4526.441949945863
267,5220.07750533949,1899.3486350567723,5763.835839852011,64,464549.45765450527,2863.9200167733106
268,5786.091143152509,1390.4781537573456,4660.598628310332,99,491042.1588022199,5879.739847515373
269,5588.647594050801,2208.1076705772803,5147.591106881583,92,622209.6386498807,3369.980725582077
270,6197.360860757363,1704.2160581108265,4831.644892448205,88,485161.90446735057,6739.128921348447
271,4599.959099456664,1773.2671991113914,4999.653097265112,58,499614.160419633,3843.6686024190208
272,5809.196279553974,2279.5132251231325,6223.688235331672,46,610716.7253370993,5011.261457065145
273,5512.628243981902,1857.911097644165,5457.548615680855,48,482500.84054726275,5184.013390203966
274,5099.451582644445,1971.757242737776,4022.5719908282617,17,440389.5990885508,5291.880976743294
275,5301.234517121926,2224.935903232548,4702.3342338104985,2,584988.9060554381,5259.426899858037
276,4972.781871758368,1788.1808408050426,4669.909725970536,17,437936.8495606758,5104.351646924401
277,4917.962665206825,1613.3127396512239,5173.097188943331,57,530286.3045385906,4652.740896771498
278,6187.429840143469,2139.2910756447873,5727.026663824106,70,517162.2019384227,4821.242179248505
279,5890.627981863378,2226.305099906309,5025.470047268432,91,523680.46726780955,4478.545027906934
280,5545.671393967701,1826.7305460713492,5001.969428370425,80,318518.2687822798,5092.701394042627
281,4334.133638910804,1811.8607016415494,3214.756623688507,24,558535.00914851,3596.891674592969
282,5668.741366808496,1669.971397709581,6059.235851329711,17,495537.8775139646,5252.369225817932
283,5822.2997976429715,2214.0472865118536,4865.70635041511,51,546221.2184245405,4921.062453290335
284,6027.309168660202,2575.6694253660016,5206.912935361862,42,537559.5013420279,5673.145933418179
285,5587.065819059902,2279.4635257559758,5205.023701833151,66,523694.8255871993,4757.068580504023
286,6042.416286741069,1972.6439171398067,4384.617121222332,88,470211.50919241045,5481.7827479591015
287,4983.606983989915,2214.936613794811,4804.87380603288,6,471039.34821961,5441.620189192795
288,5759.604945528719,1750.4576619151544,4378.325477224664,73,495927.97118585714,4888.747881212573
289,5948.642422460196,2110.5210875090984,6106.663798838682,43,512860.4892835721,5282.305851828895
290,4059.8551141207336,1674.4198824808918,3220.9175501030118,43,468199.96322988445,3925.8669893985425
291,5506.522040702271,1963.3443926693603,4237.341234610763,50,570720.2305817944,6073.252385584721
292,5449.3732881197,2322.708028408958,4742.344140117084,82,475411.771921252,4563.563061925141
293,6158.727403173874,2243.6114216125056,6197.996572730762,78,426511.1570925064,4857.347455279296
294,5801.604242042906,2170.5425635248075,5566.253056510521,84,544642.6659487312,4157.732103476428
295,4517.386942959343,2124.8830492856696,3689.5677704456903,20,641087.2630502838,4385.43064708589
296,5588.934051729841,1779.1633116829005,4907.592455099872,36,412433.5928587262,6314.830559527209
297,5225.630623650243,2042.7442019180264,5577.0648066094,27,490601.3081415981,5110.3121244627
298,6064.629947997723,2234.9826659337614,6781.5225113982415,31,579792.5204997144,4762.572449807053
299,5377.052890300148,1927.053665385518,4728.201710255353,56,542737.8781733722,4758.115798949884
300,5056.593342025575,1938.6254566188727,4052.4495457575304,40,546593.0294099257,5001.58305440611
301,5512.68527495078,1858.9324000743775,5257.894615223544,53,502286.36035057186,5577.966190023653
302,5009.516123851686,1914.5152721910263,4965.371516096312,26,300649.821082284,5155.070829723872
303,5860.451296573301,1768.0029963674885,5370.646936950891,86,519338.9287188683,5172.155912136715
304,5695.465948439418,2007.221515896843,5552.379947869867,73,528011.198772285,4261.461667789578
305,5442.568095992275,1903.9173014506184,5255.945353710265,39,584437.9476296923,4764.960739752002
306,5457.806358433423,1557.7263038454603,5422.5573789338505,40,443677.4226647577,5125.216374374782
307,6492.0208374207605,2780.2826981621533,6308.547989089338,69,626211.467931827,4975.04733095517
308,4476.086199560228,1688.7715534571726,4767.15325577008,23,476716.56010692747,4667.300466082473
309,4855.551816053219,1959.5918398548033,4020.4552782329674,17,463802.19716491987,4593.996350428497
310,5712.646026537221,2018.3503707852485,5251.180600387313,73,445942.531508864,5348.451580322937
311,5166.604258570118,1839.5397148713957,3974.9335758513757,55,578474.6461772206,5368.157732012094
312,5083.149613655214,1973.0846513623235,4102.726597812174,14,417800.5674186648,5791.530125586216
313,5820.413642863658,1754.4365630624584,4342.319848921587,97,547394.4809221369,5156.627057857282
314,4687.775713267821,2218.1537947410675,3999.4074392999582,71,439432.563895465,3339.028253386926
315,6260.722534681048,1993.3284338494718,5934.852033607061,34,496688.1428906549,6886.632752692911
316,5184.126857396841,2215.517977504204,5039.128878413977,26,385650.9457631542,4992.958807276257
317,6481.117749750028,2440.968701507877,5565.4310697551655,88,558903.2532035176,4671.981886668486
318,5069.879079962911,1915.6313768083694,5408.211507940259,2,488746.9795692629,4953.471442797532
319,4987.093825891403,2232.034683991001,4832.039574574207,20,541807.271560344,4683.12476963914
320,5374.011788139983,2460.9035441658107,5768.403084061432,38,486581.075315983,4345.036717258147
321,5361.724858125908,1962.9596876226592,4613.945593031138,31,539581.0932043621,5491.6426977933725
322,5549.932391591525,2207.3297750206016,4865.629806938831,49,496541.7854789132,4881.16297428765
323,5724.049171998369,1860.4154648747535,4433.727051395805,84,555547.9286643885,4928.4484077115585
324,4859.622488074728,2359.163610531163,6120.244645899423,8,540033.960569003,2997.7540192521838
325,5163.185086649401,1850.0605176178112,4914.29183337621,49,514718.1784203872,4818.809423976657
326,4752.172255411494,2210.919018863223,5478.422192264503,0,432489.02141045785,4138.713317005577
327,4986.514485408856,2298.535369275991,4534.830685627552,3,467195.68333611806,4582.050838433879
328,4844.913428307305,1646.3068699368596,5677.615661716365,3,442084.05684960814,5189.024075162441
329,5793.143998070491,1799.9870324775202,5618.24247207862,89,607152.0962354905,4509.1908064703675
330,4859.653973008591,1787.845838282014,3699.616253097322,33,558526.9136897074,4619.566731681022
331,5631.772057933226,2323.9798649002587,5003.3000749729445,26,502831.1194399102,5077.261745560671
332,4748.925391916798,1647.3957091545678,5093.520426637047,14,457838.77031755226,4594.789283122808
333,4807.745874219094,2097.7067692734395,4760.222884311191,31,440767.15591887577,4155.749576210761
334,5035.182379284128,2217.9433145751937,6107.768267424344,40,509185.63707863033,3622.7954824483622
335,5784.341992552816,2050.816694949625,4026.2023020594306,70,638240.7190297025,5269.260627212633
336,5782.541360595035,2382.4199022974212,4641.373850870261,60,500444.7873573384,4586.796324496374
337,5197.677929133946,1422.6218364104093,4320.52972154786,62,590144.018974911,3667.583159423834
338,6434.9444963080405,2182.3746645718597,5823.937181609734,60,520674.75925508887,5996.530033951231
339,4996.054974556169,1945.4740479422633,4177.108863387706,13,542193.0627773639,5270.420397800395
340,3954.6109847821435,1548.461636647083,3533.9341874417614,22,464306.2020004865,4049.6395771394236
341,4965.332723074051,1675.670645618843,5345.108094720418,64,485219.9373042152,4436.291043232293
342,5819.297221628517,2469.530432182578,4888.66256318472,31,437689.557136345,5837.1295737437495
343,6181.291610221571,2189.66641054565,5832.2796965385905,40,522843.7754810117,4859.657241188242
344,5667.275853689655,2240.5723751384403,5649.874716576347,25,481743.29355845385,4665.303779144237
345,6094.169029119364,2287.6893329840896,4966.013472904935,47,526991.4174924551,5600.54012360156
346,5091.642012349659,1592.9527548340288,3845.457384693143,72,426109.2591034429,4865.746492524188
347,5398.893409850283,2073.718517545909,4041.5181449644606,15,534179.5710872035,5983.736261111805
348,4435.051153590111,2329.5255931613065,3581.4472702561898,30,512667.71693218354,4669.839806640033
349,5536.676016154736,1879.2192358931104,4889.390804839574,65,510265.2213456339,4543.7045481446885
350,5274.922799460287,2408.733927162548,4473.037835356485,31,529203.1849906145,5013.273535491542
351,5105.267610391772,1816.218037920265,4855.424467515304,9,482179.9338197281,5771.741966691241
352,5601.066200472611,2037.428357401631,5138.851340404509,24,785503.8024589695,5199.610519502987
353,6322.089251931826,2119.260208609117,6518.64056828984,81,535133.4299659105,5082.836112661521
354,5828.590522465148,2226.379527179598,5464.693887537408,97,507883.39828402794,4354.090781811078
355,5647.001720976685,1913.6790617799227,5057.069692022709,92,555648.0652123893,4236.547007080814
356,5374.563830086253,2303.633635614924,3748.162575300262,44,460905.52305126574,5772.620589697643
357,5621.649286579653,2128.4043427297697,5020.969237041277,23,458422.2000362969,5856.673882287146
358,5080.765440598767,1508.3619148760504,5705.473193435731,2,560027.6510219242,5830.87609254526
359,6256.2976797518595,2550.9717902086713,5312.671446551525,61,566685.7270675527,5632.840444352291
360,5397.841131157067,1712.640381371396,4161.7111954804905,78,589381.3344168499,5357.213413369055
361,5760.31170708185,2575.7001665908047,4698.8403630073735,66,393112.32039661834,5344.9676454679775
362,5595.907114867841,1952.6943676423364,5058.698345067735,54,490520.8209787646,5106.8745948522055
363,5674.252525869153,1896.8274523457046,4673.509723448847,94,524722.3121146468,5449.657733744979
364,4877.981407117995,2119.7714528754473,4506.315255303062,9,554023.5818880823,4966.647494139244
365,5252.132902878435,1790.4160238565905,3282.2385655548333,54,539493.7234372261,5447.416802197991
366,4689.901963176841,1434.2254181028557,4385.455014930973,21,436169.17867431353,5734.047848362418
367,5165.573908957188,1967.2073910257686,5200.913882653361,13,538606.7673322869,3993.789633150617
368,6602.080454960866,2112.51584310353,5700.09276523559,72,524092.6606920817,5877.051129800531
369,5965.427172440952,2461.3309861661337,5060.927208197,81,523888.64665855083,4953.750717826724
370,5372.512562792455,1642.5918947251098,5847.559071540813,7,417766.87670442404,6166.559887050613
371,5585.0290815876715,2174.066974895717,4937.144522008965,14,429915.07476235647,6016.372955269175
372,4430.34463832419,1968.8299602889551,4297.818131741678,14,635917.2996659272,4175.398425991783
373,5074.927087537076,2009.9125217394358,4620.7925936774145,51,573958.4406077347,5000.507882307213
374,5261.913488870474,2291.6134661307615,5399.210953690499,69,495277.2462291998,3507.3331206981416
375,5235.151109533628,1846.573148403901,4785.535112891602,53,496558.3886943011,4691.138415175836
376,5920.36404403199,2050.2577925486744,4486.0021161125815,75,666712.39361385,5284.591686098304
377,5351.158600342817,2326.9813364605416,3753.9688761469743,41,503400.0138246399,5677.563446668477
378,5388.263517824023,2308.880115856963,4285.45937520595,18,491240.74315752654,5055.3888957031
379,4894.807641928961,1633.9144447581148,4682.336447832413,39,440494.35117253865,5354.207664311047
380,4978.588552960305,1816.1185991796544,4534.95487843703,68,482475.18516459706,4438.050079165977
381,4969.564947417543,1956.8820914575872,4220.32055555677,26,373786.72286119644,4984.784552328902
382,5843.740573786499,2244.181572357147,6245.901599011395,73,539059.4748837526,4527.873275370457
383,5471.214841180196,1924.6391561421924,5480.320759432884,42,594444.4247632287,5226.046752388672
384,6613.187000933243,2024.8213766764636,6753.708568201751,51,595279.8612977873,6111.782305988163
385,4970.688008425255,2375.0927566692544,3715.8343056983495,45,447315.61007570854,4954.450630921551
386,4516.886679658368,1898.4022436631897,5250.514980430151,13,327898.408877414,3903.12385101113
387,5694.95036923295,2441.947627194339,4652.312872756538,63,525445.6033628378,5157.021005943831
388,5516.2113450044235,1518.3699000992494,5015.722401478833,60,598902.9762286227,5564.348597392686
389,5520.732998892232,1882.1745686139434,6480.6189168096125,97,379689.5793344277,4265.578846192343
390,5345.031489071405,1590.456649296214,3608.4057068387324,57,471979.65215678234,5993.472924126572
391,4946.592892047839,2035.009568967741,4541.82866914784,48,526806.0965219308,4522.928521800679
392,5373.094463267818,2225.2974865334018,4401.4968971148355,78,436920.3609497945,4391.811826557441
393,4317.175680454294,1951.6350183222694,4543.964806066392,28,370388.2010298084,3575.503770282866
394,4661.207764987264,1857.6708774050726,3311.4553219292684,25,444221.5251660047,5215.0395406997995
395,5873.046718203029,1592.1141358185002,6028.29612883018,26,457318.60021397425,6452.793215583504
396,6244.846853039244,2504.400473346977,6060.076844883855,66,358537.8992922215,5293.400033561811
397,5496.165057487482,1993.2764408618373,5465.505039660832,66,580365.7977627974,4412.653469234513
398,5480.280682237585,1864.3570947228252,3929.2987721313857,34,616543.656159163,5410.573878057302
399,5779.863542168238,2468.759724064343,5222.113062027538,59,502216.764556477,5640.282522856109
400,6135.835863854623,1894.3863933884948,5692.7882663697565,60,554711.5366930021,5928.5321856547325
401,5597.771686346196,1726.8913017700484,5310.705741524156,98,389060.8101064286,4012.018269038307
402,6153.326622210735,1786.9158334170174,4960.511466632124,69,489381.62849859125,6242.447816033693
403,5809.871090998839,1742.82801332493,6128.46431901858,77,456582.1596199757,5170.756860791359
404,5990.142169638809,1680.1915499856468,4432.6880986925635,89,530866.8049119884,6402.555646809584
405,4521.543367602148,1791.9690371683973,4864.934241456384,2,297648.8600095946,5124.4705710919
406,6113.991084973235,2724.4851901137126,5500.48026364638,32,477194.71291176445,5461.410429444556
407,4909.3927617994905,1655.0531104077581,5254.272766019923,41,547130.0597035603,4241.097656972941
408,5414.607068414489,1552.3544128060064,5447.971392220654,12,517864.81392132415,5787.872531998188
409,5216.719368235017,2083.4088402736807,5426.829311440035,28,558718.0246177415,4138.469618083087
410,5709.382720116185,1977.210086280608,5419.893288422933,8,455121.8313672087,5215.022913586793
411,5034.578403368176,2198.0122869712486,4708.1452754567745,31,288251.15357242327,4655.568179281887
412,4851.479990409053,1833.7747039328167,4441.9955698845715,21,582416.3320994222,4929.5160958198585
413,5864.814139003205,1739.4459838086836,5109.711029102069,85,556935.963239833,5868.1798188542225
414,6132.62230132302,2502.115930244794,6208.9509656811515,57,617656.792643932,4715.981991949735
415,5647.8480528133,1516.493124633359,4980.111438178271,56,505569.23140147445,5884.53999031782
416,5626.795182916374,2108.1796697788927,5479.518728740974,97,531217.9380511104,4674.429242079091
417,5294.343060009585,2207.0908784275803,5089.949860889744,9,674693.5777377575,5104.724792124293
418,6459.935531202593,2246.510636754446,6626.980150573034,24,361174.2124311219,6719.853616642068
419,5497.225660139879,1908.9856195588238,4889.667167152396,61,533352.7971670994,5097.377592752211
420,5838.226630814737,1625.5334330628748,5482.2695887556065,62,591330.4702733281,4939.309525605307
421,5551.449252453772,2449.8542088178333,4424.888811030816,75,515943.6284560826,5111.957913059079
422,4718.932516984951,1866.3367239898864,4103.648023900214,2,504973.03093470767,4735.800382136479
423,5798.919527394996,2458.99939432438,4994.478617920678,82,388732.0813850591,4198.915537915882
424,7258.943047592468,2110.422183971323,5944.8783417640625,96,610041.7362284778,6647.318554202006
425,5176.448226686171,1854.8227964682264,5506.871152902038,46,580170.5124624069,4674.940617624791
426,4770.18998396022,2118.0329141850193,3330.879653095687,54,596191.9204748695,3782.0178782316448
427,5413.409107131433,2345.240587117376,5586.28742603747,25,498383.46044367715,4875.674872555325
428,4573.705395531151,2024.626475147163,3774.9196777497573,12,475945.282767497,5285.498650654314
429,5001.1896772315295,1778.7252672327647,5671.9937330963085,6,499497.0620160975,4833.763516662247
430,5123.380878298881,1463.7341017567026,5435.527784686091,33,627449.2017819148,4961.004721532374
431,5222.586241204026,1872.7229381308164,4880.15564332653,21,480476.9167159396,4868.877671979863
432,6475.616870871772,2242.292174265647,5581.802085113654,83,611145.7159394098,5340.429434156822
433,5025.609675171387,1696.8998449290684,4788.693601991304,22,488967.65119216364,5655.18228634768
434,5337.294504241643,2204.348619378849,5119.490956921063,47,435705.65135315654,4846.028797222325
435,5385.80860524035,2008.4597227160707,3849.415669490282,13,344206.69669117976,7071.717078668436
436,6342.000523760145,2223.6486012730475,4795.040575735042,93,543059.7538150268,5832.713315129153
437,5987.980926938819,1298.2304298779381,5739.0900569273035,86,557609.1589411076,4995.634702549484
438,4607.438754167945,1573.899460170358,3935.0725452058878,51,413709.877197552,3945.2522950683024
439,6104.690329461199,1861.2205001481218,5654.898946792387,82,610764.7503772753,5091.418127942947
440,5280.158607244939,2559.8819228804505,3385.0242213766414,38,396396.74178258824,5651.108518970295
441,4962.714888179307,1773.719551612561,4048.323329735912,40,553132.8649560714,5657.240138544189
442,4977.793054353482,1961.965008008399,4748.1705173715245,35,556811.1735837667,3517.8717408221173
443,5437.453749392067,2645.2192065488152,5122.868000027703,5,580487.3613198472,5092.289260906582
444,5156.215014001345,2128.591130828378,4541.829856134958,22,352190.1863530107,4615.530643271015
445,5673.2828851214645,2257.8890283088813,4519.9942892362815,9,580015.4517649255,6197.7569350121175
446,6583.140823519207,1807.3025847501717,5885.728303548531,98,489136.8315728352,5098.943416956095
447,5666.923893993102,2353.69602219039,5950.952140050039,84,474472.9131812368,3172.6325525709863
448,5941.190808625733,2399.4184806545177,4660.483814552391,95,561875.7106074454,5294.661598923715
449,4895.859140846602,2150.4794743167695,4684.710099960693,59,572051.4673018735,3440.0950061259464
450,5169.273011227842,1974.2069175126733,4770.356559105666,29,350852.50778133445,5360.0926727321585
451,7132.585757543639,2167.828176369675,6774.196285238784,96,403265.92350042524,7069.758594271014
452,5900.057584503002,1512.2942436204053,5013.569719643999,69,589940.9406198172,6088.276924040479
453,5425.4003576475025,2326.5901702974666,6256.813325158717,4,535624.1807885291,5207.062314697617
454,5632.064246273818,1745.263489039827,5585.613811917634,78,513631.42308665934,4472.431697180327
455,5874.3326285053445,1916.4205419459295,4916.107815151179,56,426074.73339498276,6019.332224474638
456,5497.836363174319,2395.2664611697624,4482.089874330733,42,532913.1238169022,5508.712319786348
457,6255.7216658869,2329.268675128001,5623.351777128724,51,591419.9098705037,4786.527566543491
458,5462.304031461465,1513.6616846461254,4371.095491053914,88,673844.9697232425,4568.992299607231
459,5045.068932194118,1715.8014433058795,4690.789563828869,76,473435.9828742633,4274.608829357091
460,5163.911546731002,2192.0340052375436,5527.073587497186,5,565781.4633987881,5299.747161143325
461,5699.089019385977,1478.1777602761656,4807.532305231419,100,639116.118509966,4666.589378222672
462,5021.074836281459,2425.803869668254,4684.037801549943,1,391347.96000012866,5134.2782688622265
463,5692.210732731282,2035.3775230409956,4753.644754939966,16,634934.6381392892,5742.214312830541
464,5762.1564522326635,2423.875272137556,4450.637596008125,87,515048.2690154012,4646.633303351102
465,5079.44148201284,1776.53394237557,5359.571721579584,11,505614.8224206586,5516.0798209606655
466,6024.932573475231,1803.148505722239,5028.996581858609,43,459370.3410442437,5977.8633644419215
467,5545.932334090751,2310.2458993165615,3915.062351044026,53,472707.9049543515,5316.144495658685
468,5725.715719817335,1911.088197290718,4610.026539632812,77,444124.0848493103,5559.653291881235
469,4876.067384548915,1627.7235545548542,4706.366883134036,6,428523.19673956546,5322.11159825441
470,6018.184137071025,2168.441593361527,4700.764700484269,89,533721.6878321326,5013.009627751291
471,5280.490610390622,1522.2881663415183,5479.2734136919635,31,583451.5578211631,5669.710670174495
472,5795.700099529313,2432.640278812638,4438.245204087515,28,421419.02862129675,6287.3713157072
473,6257.996294122845,2055.262532795343,7163.1001540713805,45,447862.4258512636,5683.993125778185
474,5977.812513107859,1733.1030549361576,6108.444465773579,72,519225.8733238686,4845.104438644717
475,5987.94295823149,2343.5564170944695,6104.589130111279,77,416412.4547500613,4866.029852055165
476,5302.081512082321,2348.835617545661,4173.0409497541605,52,518309.75306254486,4895.955090850285
477,5928.745831810815,2001.1197227874118,3375.5387105392997,80,479773.31440207676,5757.942057851076
478,5454.874433308675,2682.622617107867,4728.744484307783,24,377154.0570834314,4579.008260506371
479,4976.758977351159,2675.7034387944277,5234.820698089325,52,535372.2809005888,4180.50250905005
480,6278.963603437152,2097.0045968910044,4870.432966951982,93,457923.5317290802,5375.138716710282
481,5381.727372133407,2319.621830538227,4576.1415875793555,28,576878.6382125416,5017.31436907374
482,6016.206374917569,2392.6415673350493,3607.2096835171924,92,485337.8139558915,6185.053212046993
483,4501.538566436421,1659.5229643478788,4462.286981288173,81,446651.71183963655,3194.6855629448087
484,5798.938474530581,2086.014879366806,4805.535864818181,94,497506.6444958853,5166.467891404589
485,5426.804367668126,1795.4492367330633,4603.706257788241,82,593147.8073686326,4677.0181338704315
486,5728.310126433695,1753.1295328927015,4599.152895605524,80,638136.6895456354,5648.223296241049
487,4560.61472131992,2036.4820443708393,4361.3702662514115,5,544480.3334921073,4776.005544953745
488,5740.087662072891,2059.022378135781,6323.886747990265,75,455822.626220098,4539.159631391514
489,5664.831830690504,1516.39711892252,5566.75784395892,37,502445.52370760683,5748.704058302058
490,5712.91206111662,2103.114582276115,5764.807950103687,2,492618.7022218874,6023.189132528523
491,5436.468597971352,1924.7156616975944,5218.217712803631,34,488731.98583868344,4921.855442831026
492,5371.791324197307,2419.3756743775293,3931.921723025797,54,480920.747701835,4937.200475602449
493,5884.472955003543,2348.81317808179,5590.744963750458,46,427592.94928476436,6016.464484204262
494,6058.061231315757,1743.1974542161427,6078.578053645599,32,573171.4131756929,5927.07372559898
495,6669.160247220728,2393.8185113415643,6195.247133317912,92,564558.487283428,5825.140550115319
496,5252.25269572309,2160.786602733043,5498.910737627208,2,501737.19392301014,4677.815296869023
497,5298.006995371828,1934.5157041555403,5000.79012732721,68,594406.0743066263,4473.22507845165
498,5933.2786367656545,1846.3463043481015,4998.486748323346,58,544328.7934369416,6309.314979845911
499,5761.457867662092,1655.7060803403692,5415.027716462755,77,416267.3988629157,5487.768604509369
500,5284.485925771163,1634.6006478330946,3687.1934430416622,99,473419.62624946825,4406.817456203148
